<?xml version="1.0"?>
<JPK xmlns:xsi="http://www.w3.org/2001/XMLSchema-instance" xmlns:xsd="http://www.w3.org/2001/XMLSchema" xmlns="http://crd.gov.pl/wzor/2021/07/08/07081/">
  <Naglowek>
    <KodFormularza kodSystemowy="JPK_V7M (2)" wersjaSchemy="1-0E">JPK_VAT</KodFormularza>
    <WariantFormularza>2</WariantFormularza>
    <DataWytworzeniaJPK>2022-01-07T00:00:00+01:00</DataWytworzeniaJPK>
    <NazwaSystemu>nazwa systemu</NazwaSystemu>
    <CelZlozenia poz="P_7">1</CelZlozenia>
    <KodUrzedu>0204</KodUrzedu>
    <Rok>2022</Rok>
    <Miesiac>1</Miesiac>
  </Naglowek>
  <Podmiot1 rola="Podatnik">
    <OsobaNiefizyczna>
      <NIP>5732296089</NIP>
      <PelnaNazwa>pewłna nazwa</PelnaNazwa>
      <Email>ggiewon@gmail.com</Email>
      <Telefon>793104997</Telefon>
    </OsobaNiefizyczna>
  </Podmiot1>
  <Deklaracja>
    <Naglowek>
      <KodFormularzaDekl kodSystemowy="VAT-7 (22)" kodPodatku="VAT" rodzajZobowiazania="Z" wersjaSchemy="1-0E">VAT-7</KodFormularzaDekl>
      <WariantFormularzaDekl>22</WariantFormularzaDekl>
    </Naglowek>
    <PozycjeSzczegolowe>
      <P_10>1</P_10>
      <P_11>1</P_11>
      <P_12>1</P_12>
      <P_13>1</P_13>
      <P_14>1</P_14>
      <P_15>1</P_15>
      <P_16>1</P_16>
      <P_17>1</P_17>
      <P_18>1</P_18>
      <P_19>1</P_19>
      <P_20>1</P_20>
      <P_21>1</P_21>
      <P_22>1</P_22>
      <P_23>1</P_23>
      <P_24>1</P_24>
      <P_25>1</P_25>
      <P_26>1</P_26>
      <P_27>1</P_27>
      <P_28>1</P_28>
      <P_29>1</P_29>
      <P_30>1</P_30>
      <P_31>1</P_31>
      <P_32>1</P_32>
      <P_33>1</P_33>
      <P_34>1</P_34>
      <P_35>1</P_35>
      <P_36>1</P_36>
      <P_37>1</P_37>
      <P_38>1</P_38>
      <P_39>1</P_39>
      <P_40>1</P_40>
      <P_41>1</P_41>
      <P_42>1</P_42>
      <P_43>1</P_43>
      <P_44>1</P_44>
      <P_45>1</P_45>
      <P_46>0</P_46>
      <P_47>1</P_47>
      <P_48>1</P_48>
      <P_49>1</P_49>
      <P_50>1</P_50>
      <P_51>1</P_51>
      <P_52>1</P_52>
      <P_53>1</P_53>
      <P_54>1</P_54>
      <P_55>1</P_55>
      <P_59>1</P_59>
      <P_60>1</P_60>
      <P_61>1</P_61>
      <P_62>1</P_62>
      <P_63>1</P_63>
      <P_64>1</P_64>
      <P_65>1</P_65>
      <P_66>1</P_66>
      <P_660>1</P_660>
      <P_67>1</P_67>
      <P_68>0</P_68>
      <P_69>0</P_69>
      <P_ORDZU>ordzu</P_ORDZU>
    </PozycjeSzczegolowe>
    <Pouczenia>1</Pouczenia>
  </Deklaracja>
  <Ewidencja>
    <SprzedazWiersz>
      <LpSprzedazy>1</LpSprzedazy>
      <KodKrajuNadaniaTIN>PL</KodKrajuNadaniaTIN>
      <NrKontrahenta>nr kontrahenta</NrKontrahenta>
      <NazwaKontrahenta>nazwa kontrahenta</NazwaKontrahenta>
      <DowodSprzedazy>dowod sprzedazy</DowodSprzedazy>
      <DataWystawienia>2022-01-07</DataWystawienia>
      <DataSprzedazy>2022-01-07</DataSprzedazy>
      <TypDokumentu>FP</TypDokumentu>
      <GTU_01>1</GTU_01>
      <GTU_02>1</GTU_02>
      <GTU_03>1</GTU_03>
      <GTU_04>1</GTU_04>
      <GTU_05>1</GTU_05>
      <GTU_06>1</GTU_06>
      <GTU_07>1</GTU_07>
      <GTU_08>1</GTU_08>
      <GTU_09>1</GTU_09>
      <GTU_10>1</GTU_10>
      <GTU_11>1</GTU_11>
      <GTU_12>1</GTU_12>
      <GTU_13>1</GTU_13>
      <WSTO_EE>1</WSTO_EE>
      <IED>1</IED>
      <TP>1</TP>
      <TT_WNT>1</TT_WNT>
      <TT_D>1</TT_D>
      <MR_T>1</MR_T>
      <MR_UZ>1</MR_UZ>
      <I_42>1</I_42>
      <I_63>1</I_63>
      <B_SPV>1</B_SPV>
      <B_SPV_DOSTAWA>1</B_SPV_DOSTAWA>
      <B_MPV_PROWIZJA>1</B_MPV_PROWIZJA>
      <KorektaPodstawyOpodt>1</KorektaPodstawyOpodt>
      <TerminPlatnosci>2022-01-14</TerminPlatnosci>
      <K_10>1234.2</K_10>
      <K_11>1234.2</K_11>
      <K_12>1234.2</K_12>
      <K_13>1234.2</K_13>
      <K_14>1234.2</K_14>
      <K_15>1234.2</K_15>
      <K_16>1234.2</K_16>
      <K_17>1234.2</K_17>
      <K_18>1234.2</K_18>
      <K_19>1234.2</K_19>
      <K_20>1234.2</K_20>
      <K_21>1234.2</K_21>
      <K_22>1234.2</K_22>
      <K_23>1234.2</K_23>
      <K_24>1234.2</K_24>
      <K_25>1234.2</K_25>
      <K_26>1234.2</K_26>
      <K_27>1234.2</K_27>
      <K_28>1234.2</K_28>
      <K_29>1234.2</K_29>
      <K_30>1234.2</K_30>
      <K_31>1234.2</K_31>
      <K_32>1234.2</K_32>
      <K_33>1234.2</K_33>
      <K_34>1234.2</K_34>
      <K_35>1234.2</K_35>
      <K_36>1234.2</K_36>
      <SprzedazVAT_Marza>123.2</SprzedazVAT_Marza>
    </SprzedazWiersz>
    <SprzedazCtrl>
      <LiczbaWierszySprzedazy>1</LiczbaWierszySprzedazy>
      <PodatekNalezny>9873.6</PodatekNalezny>
    </SprzedazCtrl>
    <ZakupWiersz>
      <LpZakupu>1</LpZakupu>
      <KodKrajuNadaniaTIN>PL</KodKrajuNadaniaTIN>
      <NrDostawcy>nr dostawcy</NrDostawcy>
      <NazwaDostawcy>nazwa dostawcy</NazwaDostawcy>
      <DowodZakupu>1234_nr_zakupu</DowodZakupu>
      <DataZakupu>2022-01-07</DataZakupu>
      <DataWplywu>2022-01-07</DataWplywu>
      <DokumentZakupu>MK</DokumentZakupu>
      <IMP>1</IMP>
      <K_40>123.2</K_40>
      <K_41>123.2</K_41>
      <K_42>1234.2</K_42>
      <K_43>1234.2</K_43>
      <K_45>123.32</K_45>
      <K_46>124.2</K_46>
      <K_47>1234.2</K_47>
      <ZakupVAT_Marza>10</ZakupVAT_Marza>
    </ZakupWiersz>
    <ZakupCtrl>
      <LiczbaWierszyZakupow>1</LiczbaWierszyZakupow>
      <PodatekNaliczony>2839.12</PodatekNaliczony>
    </ZakupCtrl>
  </Ewidencja>
</JPK>